model,mae,rmse,mape
persistence,9.059782608695652,,
random_forest,8.074263586956523,11.656901370901119,21.571289939021863
xgboost,8.17444197311703,11.870680445634303,21.28965984978854
